{
  "summary": {
    "total_votes_processed": 1100000,
    "total_songs": 25,
    "total_countries": 11
  },
  "song_rankings": [
    {
      "song_number": 9,
      "total_votes": 44339
    },
    {
      "song_number": 4,
      "total_votes": 44323
    },
    {
      "song_number": 21,
      "total_votes": 44289
    },
    {
      "song_number": 22,
      "total_votes": 44222
    },
    {
      "song_number": 2,
      "total_votes": 44183
    },
    {
      "song_number": 18,
      "total_votes": 44157
    },
    {
      "song_number": 13,
      "total_votes": 44153
    },
    {
      "song_number": 1,
      "total_votes": 44121
    },
    {
      "song_number": 11,
      "total_votes": 44075
    },
    {
      "song_number": 19,
      "total_votes": 44071
    },
    {
      "song_number": 20,
      "total_votes": 44031
    },
    {
      "song_number": 25,
      "total_votes": 44026
    },
    {
      "song_number": 7,
      "total_votes": 44022
    },
    {
      "song_number": 12,
      "total_votes": 43996
    },
    {
      "song_number": 14,
      "total_votes": 43991
    },
    {
      "song_number": 24,
      "total_votes": 43952
    },
    {
      "song_number": 15,
      "total_votes": 43935
    },
    {
      "song_number": 5,
      "total_votes": 43841
    },
    {
      "song_number": 17,
      "total_votes": 43835
    },
    {
      "song_number": 8,
      "total_votes": 43823
    },
    {
      "song_number": 16,
      "total_votes": 43809
    },
    {
      "song_number": 3,
      "total_votes": 43742
    },
    {
      "song_number": 10,
      "total_votes": 43719
    },
    {
      "song_number": 6,
      "total_votes": 43708
    },
    {
      "song_number": 23,
      "total_votes": 43637
    }
  ],
  "country_participation": [
    {
      "country_code": "FR",
      "total_votes": 100000
    },
    {
      "country_code": "MA",
      "total_votes": 100000
    },
    {
      "country_code": "PT",
      "total_votes": 100000
    },
    {
      "country_code": "DE",
      "total_votes": 100000
    },
    {
      "country_code": "CH",
      "total_votes": 100000
    },
    {
      "country_code": "UK",
      "total_votes": 100000
    },
    {
      "country_code": "NL",
      "total_votes": 100000
    },
    {
      "country_code": "ES",
      "total_votes": 100000
    },
    {
      "country_code": "IT",
      "total_votes": 100000
    },
    {
      "country_code": "BE",
      "total_votes": 100000
    },
    {
      "country_code": "SE",
      "total_votes": 100000
    }
  ],
  "top_10_songs": [
    {
      "song_number": 9,
      "total_votes": 44339
    },
    {
      "song_number": 4,
      "total_votes": 44323
    },
    {
      "song_number": 21,
      "total_votes": 44289
    },
    {
      "song_number": 22,
      "total_votes": 44222
    },
    {
      "song_number": 2,
      "total_votes": 44183
    },
    {
      "song_number": 18,
      "total_votes": 44157
    },
    {
      "song_number": 13,
      "total_votes": 44153
    },
    {
      "song_number": 1,
      "total_votes": 44121
    },
    {
      "song_number": 11,
      "total_votes": 44075
    },
    {
      "song_number": 19,
      "total_votes": 44071
    }
  ],
  "country_voting_patterns": [
    {
      "country_code": "BE",
      "song_number": 4,
      "votes": 4113
    },
    {
      "country_code": "BE",
      "song_number": 16,
      "votes": 4099
    },
    {
      "country_code": "BE",
      "song_number": 2,
      "votes": 4078
    },
    {
      "country_code": "BE",
      "song_number": 22,
      "votes": 4072
    },
    {
      "country_code": "BE",
      "song_number": 21,
      "votes": 4060
    },
    {
      "country_code": "BE",
      "song_number": 6,
      "votes": 4052
    },
    {
      "country_code": "BE",
      "song_number": 1,
      "votes": 4040
    },
    {
      "country_code": "BE",
      "song_number": 3,
      "votes": 4029
    },
    {
      "country_code": "BE",
      "song_number": 19,
      "votes": 4028
    },
    {
      "country_code": "BE",
      "song_number": 9,
      "votes": 4023
    },
    {
      "country_code": "BE",
      "song_number": 13,
      "votes": 4017
    },
    {
      "country_code": "BE",
      "song_number": 14,
      "votes": 4007
    },
    {
      "country_code": "BE",
      "song_number": 17,
      "votes": 4006
    },
    {
      "country_code": "BE",
      "song_number": 5,
      "votes": 3997
    },
    {
      "country_code": "BE",
      "song_number": 10,
      "votes": 3988
    },
    {
      "country_code": "BE",
      "song_number": 15,
      "votes": 3982
    },
    {
      "country_code": "BE",
      "song_number": 24,
      "votes": 3977
    },
    {
      "country_code": "BE",
      "song_number": 20,
      "votes": 3965
    },
    {
      "country_code": "BE",
      "song_number": 8,
      "votes": 3947
    },
    {
      "country_code": "BE",
      "song_number": 12,
      "votes": 3944
    },
    {
      "country_code": "BE",
      "song_number": 11,
      "votes": 3938
    },
    {
      "country_code": "BE",
      "song_number": 25,
      "votes": 3928
    },
    {
      "country_code": "BE",
      "song_number": 7,
      "votes": 3911
    },
    {
      "country_code": "BE",
      "song_number": 18,
      "votes": 3906
    },
    {
      "country_code": "BE",
      "song_number": 23,
      "votes": 3893
    },
    {
      "country_code": "CH",
      "song_number": 4,
      "votes": 4098
    },
    {
      "country_code": "CH",
      "song_number": 9,
      "votes": 4071
    },
    {
      "country_code": "CH",
      "song_number": 13,
      "votes": 4049
    },
    {
      "country_code": "CH",
      "song_number": 25,
      "votes": 4046
    },
    {
      "country_code": "CH",
      "song_number": 8,
      "votes": 4046
    },
    {
      "country_code": "CH",
      "song_number": 6,
      "votes": 4036
    },
    {
      "country_code": "CH",
      "song_number": 12,
      "votes": 4028
    },
    {
      "country_code": "CH",
      "song_number": 5,
      "votes": 4026
    },
    {
      "country_code": "CH",
      "song_number": 20,
      "votes": 4020
    },
    {
      "country_code": "CH",
      "song_number": 22,
      "votes": 4015
    },
    {
      "country_code": "CH",
      "song_number": 23,
      "votes": 4011
    },
    {
      "country_code": "CH",
      "song_number": 14,
      "votes": 4010
    },
    {
      "country_code": "CH",
      "song_number": 7,
      "votes": 4009
    },
    {
      "country_code": "CH",
      "song_number": 1,
      "votes": 4008
    },
    {
      "country_code": "CH",
      "song_number": 21,
      "votes": 4007
    },
    {
      "country_code": "CH",
      "song_number": 2,
      "votes": 4000
    },
    {
      "country_code": "CH",
      "song_number": 17,
      "votes": 3996
    },
    {
      "country_code": "CH",
      "song_number": 18,
      "votes": 3981
    },
    {
      "country_code": "CH",
      "song_number": 11,
      "votes": 3979
    },
    {
      "country_code": "CH",
      "song_number": 15,
      "votes": 3952
    },
    {
      "country_code": "CH",
      "song_number": 24,
      "votes": 3942
    },
    {
      "country_code": "CH",
      "song_number": 19,
      "votes": 3942
    },
    {
      "country_code": "CH",
      "song_number": 16,
      "votes": 3936
    },
    {
      "country_code": "CH",
      "song_number": 10,
      "votes": 3902
    },
    {
      "country_code": "CH",
      "song_number": 3,
      "votes": 3890
    },
    {
      "country_code": "DE",
      "song_number": 10,
      "votes": 4086
    },
    {
      "country_code": "DE",
      "song_number": 12,
      "votes": 4075
    },
    {
      "country_code": "DE",
      "song_number": 4,
      "votes": 4049
    },
    {
      "country_code": "DE",
      "song_number": 16,
      "votes": 4045
    },
    {
      "country_code": "DE",
      "song_number": 11,
      "votes": 4045
    },
    {
      "country_code": "DE",
      "song_number": 21,
      "votes": 4043
    },
    {
      "country_code": "DE",
      "song_number": 1,
      "votes": 4041
    },
    {
      "country_code": "DE",
      "song_number": 18,
      "votes": 4039
    },
    {
      "country_code": "DE",
      "song_number": 7,
      "votes": 4022
    },
    {
      "country_code": "DE",
      "song_number": 19,
      "votes": 4019
    },
    {
      "country_code": "DE",
      "song_number": 22,
      "votes": 4018
    },
    {
      "country_code": "DE",
      "song_number": 17,
      "votes": 4008
    },
    {
      "country_code": "DE",
      "song_number": 3,
      "votes": 4007
    },
    {
      "country_code": "DE",
      "song_number": 24,
      "votes": 4005
    },
    {
      "country_code": "DE",
      "song_number": 5,
      "votes": 3999
    },
    {
      "country_code": "DE",
      "song_number": 15,
      "votes": 3991
    },
    {
      "country_code": "DE",
      "song_number": 2,
      "votes": 3985
    },
    {
      "country_code": "DE",
      "song_number": 13,
      "votes": 3975
    },
    {
      "country_code": "DE",
      "song_number": 25,
      "votes": 3970
    },
    {
      "country_code": "DE",
      "song_number": 9,
      "votes": 3958
    },
    {
      "country_code": "DE",
      "song_number": 14,
      "votes": 3945
    },
    {
      "country_code": "DE",
      "song_number": 8,
      "votes": 3939
    },
    {
      "country_code": "DE",
      "song_number": 20,
      "votes": 3926
    },
    {
      "country_code": "DE",
      "song_number": 23,
      "votes": 3921
    },
    {
      "country_code": "DE",
      "song_number": 6,
      "votes": 3889
    },
    {
      "country_code": "ES",
      "song_number": 21,
      "votes": 4111
    },
    {
      "country_code": "ES",
      "song_number": 1,
      "votes": 4081
    },
    {
      "country_code": "ES",
      "song_number": 11,
      "votes": 4067
    },
    {
      "country_code": "ES",
      "song_number": 20,
      "votes": 4065
    },
    {
      "country_code": "ES",
      "song_number": 8,
      "votes": 4064
    },
    {
      "country_code": "ES",
      "song_number": 25,
      "votes": 4038
    },
    {
      "country_code": "ES",
      "song_number": 14,
      "votes": 4037
    },
    {
      "country_code": "ES",
      "song_number": 6,
      "votes": 4031
    },
    {
      "country_code": "ES",
      "song_number": 9,
      "votes": 4023
    },
    {
      "country_code": "ES",
      "song_number": 18,
      "votes": 4021
    },
    {
      "country_code": "ES",
      "song_number": 19,
      "votes": 4019
    },
    {
      "country_code": "ES",
      "song_number": 7,
      "votes": 4014
    },
    {
      "country_code": "ES",
      "song_number": 10,
      "votes": 3991
    },
    {
      "country_code": "ES",
      "song_number": 16,
      "votes": 3989
    },
    {
      "country_code": "ES",
      "song_number": 13,
      "votes": 3971
    },
    {
      "country_code": "ES",
      "song_number": 3,
      "votes": 3966
    },
    {
      "country_code": "ES",
      "song_number": 4,
      "votes": 3965
    },
    {
      "country_code": "ES",
      "song_number": 2,
      "votes": 3964
    },
    {
      "country_code": "ES",
      "song_number": 5,
      "votes": 3954
    },
    {
      "country_code": "ES",
      "song_number": 12,
      "votes": 3954
    },
    {
      "country_code": "ES",
      "song_number": 24,
      "votes": 3942
    },
    {
      "country_code": "ES",
      "song_number": 15,
      "votes": 3940
    },
    {
      "country_code": "ES",
      "song_number": 22,
      "votes": 3935
    },
    {
      "country_code": "ES",
      "song_number": 17,
      "votes": 3930
    },
    {
      "country_code": "ES",
      "song_number": 23,
      "votes": 3928
    },
    {
      "country_code": "FR",
      "song_number": 15,
      "votes": 4133
    },
    {
      "country_code": "FR",
      "song_number": 10,
      "votes": 4117
    },
    {
      "country_code": "FR",
      "song_number": 12,
      "votes": 4113
    },
    {
      "country_code": "FR",
      "song_number": 4,
      "votes": 4113
    },
    {
      "country_code": "FR",
      "song_number": 9,
      "votes": 4059
    },
    {
      "country_code": "FR",
      "song_number": 14,
      "votes": 4056
    },
    {
      "country_code": "FR",
      "song_number": 18,
      "votes": 4049
    },
    {
      "country_code": "FR",
      "song_number": 22,
      "votes": 4042
    },
    {
      "country_code": "FR",
      "song_number": 2,
      "votes": 4033
    },
    {
      "country_code": "FR",
      "song_number": 24,
      "votes": 4030
    },
    {
      "country_code": "FR",
      "song_number": 20,
      "votes": 4026
    },
    {
      "country_code": "FR",
      "song_number": 3,
      "votes": 4025
    },
    {
      "country_code": "FR",
      "song_number": 19,
      "votes": 4015
    },
    {
      "country_code": "FR",
      "song_number": 21,
      "votes": 4010
    },
    {
      "country_code": "FR",
      "song_number": 11,
      "votes": 4010
    },
    {
      "country_code": "FR",
      "song_number": 7,
      "votes": 4009
    },
    {
      "country_code": "FR",
      "song_number": 6,
      "votes": 3957
    },
    {
      "country_code": "FR",
      "song_number": 5,
      "votes": 3944
    },
    {
      "country_code": "FR",
      "song_number": 25,
      "votes": 3920
    },
    {
      "country_code": "FR",
      "song_number": 13,
      "votes": 3912
    },
    {
      "country_code": "FR",
      "song_number": 1,
      "votes": 3899
    },
    {
      "country_code": "FR",
      "song_number": 17,
      "votes": 3898
    },
    {
      "country_code": "FR",
      "song_number": 8,
      "votes": 3896
    },
    {
      "country_code": "FR",
      "song_number": 23,
      "votes": 3880
    },
    {
      "country_code": "FR",
      "song_number": 16,
      "votes": 3854
    },
    {
      "country_code": "IT",
      "song_number": 7,
      "votes": 4107
    },
    {
      "country_code": "IT",
      "song_number": 9,
      "votes": 4087
    },
    {
      "country_code": "IT",
      "song_number": 13,
      "votes": 4065
    },
    {
      "country_code": "IT",
      "song_number": 21,
      "votes": 4062
    },
    {
      "country_code": "IT",
      "song_number": 19,
      "votes": 4057
    },
    {
      "country_code": "IT",
      "song_number": 2,
      "votes": 4054
    },
    {
      "country_code": "IT",
      "song_number": 17,
      "votes": 4052
    },
    {
      "country_code": "IT",
      "song_number": 5,
      "votes": 4048
    },
    {
      "country_code": "IT",
      "song_number": 11,
      "votes": 4043
    },
    {
      "country_code": "IT",
      "song_number": 14,
      "votes": 4032
    },
    {
      "country_code": "IT",
      "song_number": 25,
      "votes": 4020
    },
    {
      "country_code": "IT",
      "song_number": 4,
      "votes": 4016
    },
    {
      "country_code": "IT",
      "song_number": 18,
      "votes": 3998
    },
    {
      "country_code": "IT",
      "song_number": 24,
      "votes": 3997
    },
    {
      "country_code": "IT",
      "song_number": 6,
      "votes": 3994
    },
    {
      "country_code": "IT",
      "song_number": 20,
      "votes": 3984
    },
    {
      "country_code": "IT",
      "song_number": 15,
      "votes": 3974
    },
    {
      "country_code": "IT",
      "song_number": 1,
      "votes": 3968
    },
    {
      "country_code": "IT",
      "song_number": 22,
      "votes": 3957
    },
    {
      "country_code": "IT",
      "song_number": 23,
      "votes": 3935
    },
    {
      "country_code": "IT",
      "song_number": 10,
      "votes": 3927
    },
    {
      "country_code": "IT",
      "song_number": 8,
      "votes": 3914
    },
    {
      "country_code": "IT",
      "song_number": 3,
      "votes": 3913
    },
    {
      "country_code": "IT",
      "song_number": 12,
      "votes": 3905
    },
    {
      "country_code": "IT",
      "song_number": 16,
      "votes": 3891
    },
    {
      "country_code": "MA",
      "song_number": 15,
      "votes": 4122
    },
    {
      "country_code": "MA",
      "song_number": 12,
      "votes": 4111
    },
    {
      "country_code": "MA",
      "song_number": 2,
      "votes": 4089
    },
    {
      "country_code": "MA",
      "song_number": 21,
      "votes": 4082
    },
    {
      "country_code": "MA",
      "song_number": 18,
      "votes": 4042
    },
    {
      "country_code": "MA",
      "song_number": 16,
      "votes": 4038
    },
    {
      "country_code": "MA",
      "song_number": 7,
      "votes": 4023
    },
    {
      "country_code": "MA",
      "song_number": 23,
      "votes": 4022
    },
    {
      "country_code": "MA",
      "song_number": 9,
      "votes": 4014
    },
    {
      "country_code": "MA",
      "song_number": 4,
      "votes": 4011
    },
    {
      "country_code": "MA",
      "song_number": 6,
      "votes": 4011
    },
    {
      "country_code": "MA",
      "song_number": 11,
      "votes": 4000
    },
    {
      "country_code": "MA",
      "song_number": 17,
      "votes": 3993
    },
    {
      "country_code": "MA",
      "song_number": 19,
      "votes": 3991
    },
    {
      "country_code": "MA",
      "song_number": 10,
      "votes": 3987
    },
    {
      "country_code": "MA",
      "song_number": 20,
      "votes": 3983
    },
    {
      "country_code": "MA",
      "song_number": 24,
      "votes": 3978
    },
    {
      "country_code": "MA",
      "song_number": 3,
      "votes": 3974
    },
    {
      "country_code": "MA",
      "song_number": 13,
      "votes": 3973
    },
    {
      "country_code": "MA",
      "song_number": 22,
      "votes": 3973
    },
    {
      "country_code": "MA",
      "song_number": 1,
      "votes": 3959
    },
    {
      "country_code": "MA",
      "song_number": 14,
      "votes": 3947
    },
    {
      "country_code": "MA",
      "song_number": 25,
      "votes": 3934
    },
    {
      "country_code": "MA",
      "song_number": 8,
      "votes": 3880
    },
    {
      "country_code": "MA",
      "song_number": 5,
      "votes": 3863
    },
    {
      "country_code": "NL",
      "song_number": 1,
      "votes": 4092
    },
    {
      "country_code": "NL",
      "song_number": 23,
      "votes": 4084
    },
    {
      "country_code": "NL",
      "song_number": 2,
      "votes": 4074
    },
    {
      "country_code": "NL",
      "song_number": 9,
      "votes": 4071
    },
    {
      "country_code": "NL",
      "song_number": 24,
      "votes": 4068
    },
    {
      "country_code": "NL",
      "song_number": 3,
      "votes": 4068
    },
    {
      "country_code": "NL",
      "song_number": 22,
      "votes": 4066
    },
    {
      "country_code": "NL",
      "song_number": 5,
      "votes": 4038
    },
    {
      "country_code": "NL",
      "song_number": 8,
      "votes": 4036
    },
    {
      "country_code": "NL",
      "song_number": 19,
      "votes": 4029
    },
    {
      "country_code": "NL",
      "song_number": 14,
      "votes": 4004
    },
    {
      "country_code": "NL",
      "song_number": 18,
      "votes": 4003
    },
    {
      "country_code": "NL",
      "song_number": 7,
      "votes": 3999
    },
    {
      "country_code": "NL",
      "song_number": 25,
      "votes": 3989
    },
    {
      "country_code": "NL",
      "song_number": 11,
      "votes": 3987
    },
    {
      "country_code": "NL",
      "song_number": 15,
      "votes": 3986
    },
    {
      "country_code": "NL",
      "song_number": 13,
      "votes": 3981
    },
    {
      "country_code": "NL",
      "song_number": 16,
      "votes": 3962
    },
    {
      "country_code": "NL",
      "song_number": 4,
      "votes": 3956
    },
    {
      "country_code": "NL",
      "song_number": 10,
      "votes": 3945
    },
    {
      "country_code": "NL",
      "song_number": 20,
      "votes": 3941
    },
    {
      "country_code": "NL",
      "song_number": 17,
      "votes": 3927
    },
    {
      "country_code": "NL",
      "song_number": 6,
      "votes": 3921
    },
    {
      "country_code": "NL",
      "song_number": 21,
      "votes": 3904
    },
    {
      "country_code": "NL",
      "song_number": 12,
      "votes": 3869
    },
    {
      "country_code": "PT",
      "song_number": 24,
      "votes": 4183
    },
    {
      "country_code": "PT",
      "song_number": 12,
      "votes": 4100
    },
    {
      "country_code": "PT",
      "song_number": 25,
      "votes": 4071
    },
    {
      "country_code": "PT",
      "song_number": 1,
      "votes": 4067
    },
    {
      "country_code": "PT",
      "song_number": 4,
      "votes": 4055
    },
    {
      "country_code": "PT",
      "song_number": 16,
      "votes": 4034
    },
    {
      "country_code": "PT",
      "song_number": 11,
      "votes": 4031
    },
    {
      "country_code": "PT",
      "song_number": 15,
      "votes": 4026
    },
    {
      "country_code": "PT",
      "song_number": 20,
      "votes": 4026
    },
    {
      "country_code": "PT",
      "song_number": 18,
      "votes": 4012
    },
    {
      "country_code": "PT",
      "song_number": 22,
      "votes": 4007
    },
    {
      "country_code": "PT",
      "song_number": 17,
      "votes": 4006
    },
    {
      "country_code": "PT",
      "song_number": 2,
      "votes": 4005
    },
    {
      "country_code": "PT",
      "song_number": 13,
      "votes": 3991
    },
    {
      "country_code": "PT",
      "song_number": 5,
      "votes": 3983
    },
    {
      "country_code": "PT",
      "song_number": 8,
      "votes": 3976
    },
    {
      "country_code": "PT",
      "song_number": 9,
      "votes": 3960
    },
    {
      "country_code": "PT",
      "song_number": 21,
      "votes": 3958
    },
    {
      "country_code": "PT",
      "song_number": 14,
      "votes": 3958
    },
    {
      "country_code": "PT",
      "song_number": 6,
      "votes": 3955
    },
    {
      "country_code": "PT",
      "song_number": 19,
      "votes": 3947
    },
    {
      "country_code": "PT",
      "song_number": 3,
      "votes": 3927
    },
    {
      "country_code": "PT",
      "song_number": 7,
      "votes": 3922
    },
    {
      "country_code": "PT",
      "song_number": 10,
      "votes": 3901
    },
    {
      "country_code": "PT",
      "song_number": 23,
      "votes": 3899
    },
    {
      "country_code": "SE",
      "song_number": 22,
      "votes": 4161
    },
    {
      "country_code": "SE",
      "song_number": 8,
      "votes": 4081
    },
    {
      "country_code": "SE",
      "song_number": 9,
      "votes": 4065
    },
    {
      "country_code": "SE",
      "song_number": 17,
      "votes": 4062
    },
    {
      "country_code": "SE",
      "song_number": 13,
      "votes": 4059
    },
    {
      "country_code": "SE",
      "song_number": 20,
      "votes": 4054
    },
    {
      "country_code": "SE",
      "song_number": 25,
      "votes": 4036
    },
    {
      "country_code": "SE",
      "song_number": 18,
      "votes": 4033
    },
    {
      "country_code": "SE",
      "song_number": 15,
      "votes": 4031
    },
    {
      "country_code": "SE",
      "song_number": 7,
      "votes": 4007
    },
    {
      "country_code": "SE",
      "song_number": 4,
      "votes": 4004
    },
    {
      "country_code": "SE",
      "song_number": 14,
      "votes": 4003
    },
    {
      "country_code": "SE",
      "song_number": 19,
      "votes": 3993
    },
    {
      "country_code": "SE",
      "song_number": 21,
      "votes": 3988
    },
    {
      "country_code": "SE",
      "song_number": 16,
      "votes": 3982
    },
    {
      "country_code": "SE",
      "song_number": 10,
      "votes": 3979
    },
    {
      "country_code": "SE",
      "song_number": 23,
      "votes": 3975
    },
    {
      "country_code": "SE",
      "song_number": 2,
      "votes": 3963
    },
    {
      "country_code": "SE",
      "song_number": 11,
      "votes": 3953
    },
    {
      "country_code": "SE",
      "song_number": 6,
      "votes": 3945
    },
    {
      "country_code": "SE",
      "song_number": 3,
      "votes": 3944
    },
    {
      "country_code": "SE",
      "song_number": 12,
      "votes": 3937
    },
    {
      "country_code": "SE",
      "song_number": 5,
      "votes": 3936
    },
    {
      "country_code": "SE",
      "song_number": 1,
      "votes": 3909
    },
    {
      "country_code": "SE",
      "song_number": 24,
      "votes": 3900
    },
    {
      "country_code": "UK",
      "song_number": 13,
      "votes": 4160
    },
    {
      "country_code": "UK",
      "song_number": 23,
      "votes": 4089
    },
    {
      "country_code": "UK",
      "song_number": 25,
      "votes": 4074
    },
    {
      "country_code": "UK",
      "song_number": 18,
      "votes": 4073
    },
    {
      "country_code": "UK",
      "song_number": 21,
      "votes": 4064
    },
    {
      "country_code": "UK",
      "song_number": 1,
      "votes": 4057
    },
    {
      "country_code": "UK",
      "song_number": 5,
      "votes": 4053
    },
    {
      "country_code": "UK",
      "song_number": 8,
      "votes": 4044
    },
    {
      "country_code": "UK",
      "song_number": 20,
      "votes": 4041
    },
    {
      "country_code": "UK",
      "song_number": 19,
      "votes": 4031
    },
    {
      "country_code": "UK",
      "song_number": 11,
      "votes": 4022
    },
    {
      "country_code": "UK",
      "song_number": 9,
      "votes": 4008
    },
    {
      "country_code": "UK",
      "song_number": 7,
      "votes": 3999
    },
    {
      "country_code": "UK",
      "song_number": 3,
      "votes": 3999
    },
    {
      "country_code": "UK",
      "song_number": 14,
      "votes": 3992
    },
    {
      "country_code": "UK",
      "song_number": 16,
      "votes": 3979
    },
    {
      "country_code": "UK",
      "song_number": 22,
      "votes": 3976
    },
    {
      "country_code": "UK",
      "song_number": 12,
      "votes": 3960
    },
    {
      "country_code": "UK",
      "song_number": 17,
      "votes": 3957
    },
    {
      "country_code": "UK",
      "song_number": 4,
      "votes": 3943
    },
    {
      "country_code": "UK",
      "song_number": 2,
      "votes": 3938
    },
    {
      "country_code": "UK",
      "song_number": 24,
      "votes": 3930
    },
    {
      "country_code": "UK",
      "song_number": 6,
      "votes": 3917
    },
    {
      "country_code": "UK",
      "song_number": 10,
      "votes": 3896
    },
    {
      "country_code": "UK",
      "song_number": 15,
      "votes": 3798
    }
  ]
}