{
  "summary": {
    "total_votes_processed": 100000,
    "total_songs": 25,
    "total_countries": 1
  },
  "song_rankings": [
    {
      "song_number": 4,
      "total_votes": 4129
    },
    {
      "song_number": 19,
      "total_votes": 4115
    },
    {
      "song_number": 21,
      "total_votes": 4066
    },
    {
      "song_number": 25,
      "total_votes": 4065
    },
    {
      "song_number": 1,
      "total_votes": 4059
    },
    {
      "song_number": 9,
      "total_votes": 4050
    },
    {
      "song_number": 14,
      "total_votes": 4048
    },
    {
      "song_number": 16,
      "total_votes": 4038
    },
    {
      "song_number": 20,
      "total_votes": 4010
    },
    {
      "song_number": 17,
      "total_votes": 4004
    },
    {
      "song_number": 2,
      "total_votes": 4004
    },
    {
      "song_number": 23,
      "total_votes": 4003
    },
    {
      "song_number": 18,
      "total_votes": 3999
    },
    {
      "song_number": 10,
      "total_votes": 3995
    },
    {
      "song_number": 13,
      "total_votes": 3992
    },
    {
      "song_number": 5,
      "total_votes": 3992
    },
    {
      "song_number": 6,
      "total_votes": 3991
    },
    {
      "song_number": 22,
      "total_votes": 3982
    },
    {
      "song_number": 15,
      "total_votes": 3961
    },
    {
      "song_number": 8,
      "total_votes": 3952
    },
    {
      "song_number": 24,
      "total_votes": 3952
    },
    {
      "song_number": 7,
      "total_votes": 3945
    },
    {
      "song_number": 12,
      "total_votes": 3933
    },
    {
      "song_number": 3,
      "total_votes": 3917
    },
    {
      "song_number": 11,
      "total_votes": 3798
    }
  ],
  "country_participation": [
    {
      "country_code": "IT",
      "total_votes": 100000
    }
  ],
  "top_10_songs": [
    {
      "song_number": 4,
      "total_votes": 4129
    },
    {
      "song_number": 19,
      "total_votes": 4115
    },
    {
      "song_number": 21,
      "total_votes": 4066
    },
    {
      "song_number": 25,
      "total_votes": 4065
    },
    {
      "song_number": 1,
      "total_votes": 4059
    },
    {
      "song_number": 9,
      "total_votes": 4050
    },
    {
      "song_number": 14,
      "total_votes": 4048
    },
    {
      "song_number": 16,
      "total_votes": 4038
    },
    {
      "song_number": 20,
      "total_votes": 4010
    },
    {
      "song_number": 17,
      "total_votes": 4004
    }
  ],
  "country_voting_patterns": [
    {
      "country_code": "IT",
      "song_number": 4,
      "votes": 4129
    },
    {
      "country_code": "IT",
      "song_number": 19,
      "votes": 4115
    },
    {
      "country_code": "IT",
      "song_number": 21,
      "votes": 4066
    },
    {
      "country_code": "IT",
      "song_number": 25,
      "votes": 4065
    },
    {
      "country_code": "IT",
      "song_number": 1,
      "votes": 4059
    },
    {
      "country_code": "IT",
      "song_number": 9,
      "votes": 4050
    },
    {
      "country_code": "IT",
      "song_number": 14,
      "votes": 4048
    },
    {
      "country_code": "IT",
      "song_number": 16,
      "votes": 4038
    },
    {
      "country_code": "IT",
      "song_number": 20,
      "votes": 4010
    },
    {
      "country_code": "IT",
      "song_number": 17,
      "votes": 4004
    },
    {
      "country_code": "IT",
      "song_number": 2,
      "votes": 4004
    },
    {
      "country_code": "IT",
      "song_number": 23,
      "votes": 4003
    },
    {
      "country_code": "IT",
      "song_number": 18,
      "votes": 3999
    },
    {
      "country_code": "IT",
      "song_number": 10,
      "votes": 3995
    },
    {
      "country_code": "IT",
      "song_number": 13,
      "votes": 3992
    },
    {
      "country_code": "IT",
      "song_number": 5,
      "votes": 3992
    },
    {
      "country_code": "IT",
      "song_number": 6,
      "votes": 3991
    },
    {
      "country_code": "IT",
      "song_number": 22,
      "votes": 3982
    },
    {
      "country_code": "IT",
      "song_number": 15,
      "votes": 3961
    },
    {
      "country_code": "IT",
      "song_number": 24,
      "votes": 3952
    },
    {
      "country_code": "IT",
      "song_number": 8,
      "votes": 3952
    },
    {
      "country_code": "IT",
      "song_number": 7,
      "votes": 3945
    },
    {
      "country_code": "IT",
      "song_number": 12,
      "votes": 3933
    },
    {
      "country_code": "IT",
      "song_number": 3,
      "votes": 3917
    },
    {
      "country_code": "IT",
      "song_number": 11,
      "votes": 3798
    }
  ]
}