{
  "analysis_timestamp": "2025-06-09T19:27:33.662373",
  "eurovision_results": {
    "winner": {
      "song_number": 4,
      "song_name": "Ocean Waves",
      "total_votes": 4129
    },
    "top_3": [
      {
        "position": 1,
        "song_number": 4,
        "song_name": "Ocean Waves",
        "total_votes": 4129
      },
      {
        "position": 2,
        "song_number": 19,
        "song_name": "Velvet Voice",
        "total_votes": 4115
      },
      {
        "position": 3,
        "song_number": 21,
        "song_name": "Starlight Express",
        "total_votes": 4066
      }
    ],
    "complete_ranking": [
      {
        "position": 1,
        "song_number": 4,
        "song_name": "Ocean Waves",
        "total_votes": 4129,
        "percentage": 4.13
      },
      {
        "position": 2,
        "song_number": 19,
        "song_name": "Velvet Voice",
        "total_votes": 4115,
        "percentage": 4.12
      },
      {
        "position": 3,
        "song_number": 21,
        "song_name": "Starlight Express",
        "total_votes": 4066,
        "percentage": 4.07
      },
      {
        "position": 4,
        "song_number": 25,
        "song_name": "Eternal Love",
        "total_votes": 4065,
        "percentage": 4.06
      },
      {
        "position": 5,
        "song_number": 1,
        "song_name": "Midnight Dreams",
        "total_votes": 4059,
        "percentage": 4.06
      },
      {
        "position": 6,
        "song_number": 9,
        "song_name": "Neon Lights",
        "total_votes": 4050,
        "percentage": 4.05
      },
      {
        "position": 7,
        "song_number": 14,
        "song_name": "Endless Night",
        "total_votes": 4048,
        "percentage": 4.05
      },
      {
        "position": 8,
        "song_number": 16,
        "song_name": "Storm Rider",
        "total_votes": 4038,
        "percentage": 4.04
      },
      {
        "position": 9,
        "song_number": 20,
        "song_name": "Phoenix Rising",
        "total_votes": 4010,
        "percentage": 4.01
      },
      {
        "position": 10,
        "song_number": 17,
        "song_name": "Angel Wings",
        "total_votes": 4004,
        "percentage": 4.0
      },
      {
        "position": 11,
        "song_number": 2,
        "song_name": "Electric Love",
        "total_votes": 4004,
        "percentage": 4.0
      },
      {
        "position": 12,
        "song_number": 23,
        "song_name": "Mystic River",
        "total_votes": 4003,
        "percentage": 4.0
      },
      {
        "position": 13,
        "song_number": 18,
        "song_name": "Diamond Dust",
        "total_votes": 3999,
        "percentage": 4.0
      },
      {
        "position": 14,
        "song_number": 10,
        "song_name": "Wild Wind",
        "total_votes": 3995,
        "percentage": 4.0
      },
      {
        "position": 15,
        "song_number": 13,
        "song_name": "Burning Flame",
        "total_votes": 3992,
        "percentage": 3.99
      },
      {
        "position": 16,
        "song_number": 5,
        "song_name": "Fire Heart",
        "total_votes": 3992,
        "percentage": 3.99
      },
      {
        "position": 17,
        "song_number": 6,
        "song_name": "Golden Sky",
        "total_votes": 3991,
        "percentage": 3.99
      },
      {
        "position": 18,
        "song_number": 22,
        "song_name": "Thunder Road",
        "total_votes": 3982,
        "percentage": 3.98
      },
      {
        "position": 19,
        "song_number": 15,
        "song_name": "Rainbow Bridge",
        "total_votes": 3961,
        "percentage": 3.96
      },
      {
        "position": 20,
        "song_number": 8,
        "song_name": "Crystal Rain",
        "total_votes": 3952,
        "percentage": 3.95
      },
      {
        "position": 21,
        "song_number": 24,
        "song_name": "Cosmic Dance",
        "total_votes": 3952,
        "percentage": 3.95
      },
      {
        "position": 22,
        "song_number": 7,
        "song_name": "Silent Thunder",
        "total_votes": 3945,
        "percentage": 3.94
      },
      {
        "position": 23,
        "song_number": 12,
        "song_name": "Silver Moon",
        "total_votes": 3933,
        "percentage": 3.93
      },
      {
        "position": 24,
        "song_number": 3,
        "song_name": "Dancing Stars",
        "total_votes": 3917,
        "percentage": 3.92
      },
      {
        "position": 25,
        "song_number": 11,
        "song_name": "Magic Moments",
        "total_votes": 3798,
        "percentage": 3.8
      }
    ]
  },
  "participation_analysis": {
    "total_votes": 100000,
    "participating_countries": 1,
    "songs_in_competition": 25,
    "most_active_country": {
      "country_code": "IT",
      "country_name": "Italy",
      "total_votes": 100000
    },
    "country_rankings": [
      {
        "position": 1,
        "country_code": "IT",
        "country_name": "Italy",
        "total_votes": 100000
      }
    ]
  },
  "voting_patterns": {
    "IT": [
      {
        "song_number": 4,
        "song_name": "Ocean Waves",
        "votes": 4129
      },
      {
        "song_number": 19,
        "song_name": "Velvet Voice",
        "votes": 4115
      },
      {
        "song_number": 21,
        "song_name": "Starlight Express",
        "votes": 4066
      },
      {
        "song_number": 25,
        "song_name": "Eternal Love",
        "votes": 4065
      },
      {
        "song_number": 1,
        "song_name": "Midnight Dreams",
        "votes": 4059
      }
    ]
  },
  "statistics": {
    "average_votes_per_song": 4000.0,
    "average_votes_per_country": 100000.0,
    "competition_intensity": "Very High"
  }
}