{
  "analysis_timestamp": "2025-06-09T20:35:40.433896",
  "eurovision_results": {
    "winner": {
      "song_number": 21,
      "song_name": "Starlight Express",
      "total_votes": 36427
    },
    "top_3": [
      {
        "position": 1,
        "song_number": 21,
        "song_name": "Starlight Express",
        "total_votes": 36427
      },
      {
        "position": 2,
        "song_number": 4,
        "song_name": "Ocean Waves",
        "total_votes": 36312
      },
      {
        "position": 3,
        "song_number": 9,
        "song_name": "Neon Lights",
        "total_votes": 36308
      }
    ],
    "complete_ranking": [
      {
        "position": 1,
        "song_number": 21,
        "song_name": "Starlight Express",
        "total_votes": 36427,
        "percentage": 4.05
      },
      {
        "position": 2,
        "song_number": 4,
        "song_name": "Ocean Waves",
        "total_votes": 36312,
        "percentage": 4.03
      },
      {
        "position": 3,
        "song_number": 9,
        "song_name": "Neon Lights",
        "total_votes": 36308,
        "percentage": 4.03
      },
      {
        "position": 4,
        "song_number": 13,
        "song_name": "Burning Flame",
        "total_votes": 36181,
        "percentage": 4.02
      },
      {
        "position": 5,
        "song_number": 22,
        "song_name": "Thunder Road",
        "total_votes": 36149,
        "percentage": 4.02
      },
      {
        "position": 6,
        "song_number": 18,
        "song_name": "Diamond Dust",
        "total_votes": 36142,
        "percentage": 4.02
      },
      {
        "position": 7,
        "song_number": 2,
        "song_name": "Electric Love",
        "total_votes": 36104,
        "percentage": 4.01
      },
      {
        "position": 8,
        "song_number": 7,
        "song_name": "Silent Thunder",
        "total_votes": 36101,
        "percentage": 4.01
      },
      {
        "position": 9,
        "song_number": 19,
        "song_name": "Velvet Voice",
        "total_votes": 36095,
        "percentage": 4.01
      },
      {
        "position": 10,
        "song_number": 20,
        "song_name": "Phoenix Rising",
        "total_votes": 36064,
        "percentage": 4.01
      },
      {
        "position": 11,
        "song_number": 11,
        "song_name": "Magic Moments",
        "total_votes": 36057,
        "percentage": 4.01
      },
      {
        "position": 12,
        "song_number": 14,
        "song_name": "Endless Night",
        "total_votes": 36029,
        "percentage": 4.0
      },
      {
        "position": 13,
        "song_number": 12,
        "song_name": "Silver Moon",
        "total_votes": 36027,
        "percentage": 4.0
      },
      {
        "position": 14,
        "song_number": 25,
        "song_name": "Eternal Love",
        "total_votes": 35966,
        "percentage": 4.0
      },
      {
        "position": 15,
        "song_number": 1,
        "song_name": "Midnight Dreams",
        "total_votes": 35962,
        "percentage": 4.0
      },
      {
        "position": 16,
        "song_number": 15,
        "song_name": "Rainbow Bridge",
        "total_votes": 35923,
        "percentage": 3.99
      },
      {
        "position": 17,
        "song_number": 17,
        "song_name": "Angel Wings",
        "total_votes": 35902,
        "percentage": 3.99
      },
      {
        "position": 18,
        "song_number": 10,
        "song_name": "Wild Wind",
        "total_votes": 35873,
        "percentage": 3.99
      },
      {
        "position": 19,
        "song_number": 6,
        "song_name": "Golden Sky",
        "total_votes": 35832,
        "percentage": 3.98
      },
      {
        "position": 20,
        "song_number": 5,
        "song_name": "Fire Heart",
        "total_votes": 35820,
        "percentage": 3.98
      },
      {
        "position": 21,
        "song_number": 16,
        "song_name": "Storm Rider",
        "total_votes": 35813,
        "percentage": 3.98
      },
      {
        "position": 22,
        "song_number": 8,
        "song_name": "Crystal Rain",
        "total_votes": 35811,
        "percentage": 3.98
      },
      {
        "position": 23,
        "song_number": 3,
        "song_name": "Dancing Stars",
        "total_votes": 35747,
        "percentage": 3.97
      },
      {
        "position": 24,
        "song_number": 24,
        "song_name": "Cosmic Dance",
        "total_votes": 35701,
        "percentage": 3.97
      },
      {
        "position": 25,
        "song_number": 23,
        "song_name": "Mystic River",
        "total_votes": 35654,
        "percentage": 3.96
      }
    ]
  },
  "participation_analysis": {
    "total_votes": 900000,
    "participating_countries": 9,
    "songs_in_competition": 25,
    "most_active_country": {
      "country_code": "FR",
      "country_name": "France",
      "total_votes": 100000
    },
    "country_rankings": [
      {
        "position": 1,
        "country_code": "FR",
        "country_name": "France",
        "total_votes": 100000
      },
      {
        "position": 2,
        "country_code": "MA",
        "country_name": "Morocco",
        "total_votes": 100000
      },
      {
        "position": 3,
        "country_code": "DE",
        "country_name": "Germany",
        "total_votes": 100000
      },
      {
        "position": 4,
        "country_code": "UK",
        "country_name": "United Kingdom",
        "total_votes": 100000
      },
      {
        "position": 5,
        "country_code": "CH",
        "country_name": "Switzerland",
        "total_votes": 100000
      },
      {
        "position": 6,
        "country_code": "ES",
        "country_name": "Spain",
        "total_votes": 100000
      },
      {
        "position": 7,
        "country_code": "IT",
        "country_name": "Italy",
        "total_votes": 100000
      },
      {
        "position": 8,
        "country_code": "SE",
        "country_name": "Sweden",
        "total_votes": 100000
      },
      {
        "position": 9,
        "country_code": "BE",
        "country_name": "Belgium",
        "total_votes": 100000
      }
    ]
  },
  "voting_patterns": {
    "BE": [
      {
        "song_number": 4,
        "song_name": "Ocean Waves",
        "votes": 4113
      },
      {
        "song_number": 16,
        "song_name": "Storm Rider",
        "votes": 4099
      },
      {
        "song_number": 2,
        "song_name": "Electric Love",
        "votes": 4078
      },
      {
        "song_number": 22,
        "song_name": "Thunder Road",
        "votes": 4072
      },
      {
        "song_number": 21,
        "song_name": "Starlight Express",
        "votes": 4060
      }
    ],
    "CH": [
      {
        "song_number": 4,
        "song_name": "Ocean Waves",
        "votes": 4098
      },
      {
        "song_number": 9,
        "song_name": "Neon Lights",
        "votes": 4071
      },
      {
        "song_number": 13,
        "song_name": "Burning Flame",
        "votes": 4049
      },
      {
        "song_number": 25,
        "song_name": "Eternal Love",
        "votes": 4046
      },
      {
        "song_number": 8,
        "song_name": "Crystal Rain",
        "votes": 4046
      }
    ],
    "DE": [
      {
        "song_number": 10,
        "song_name": "Wild Wind",
        "votes": 4086
      },
      {
        "song_number": 12,
        "song_name": "Silver Moon",
        "votes": 4075
      },
      {
        "song_number": 4,
        "song_name": "Ocean Waves",
        "votes": 4049
      },
      {
        "song_number": 16,
        "song_name": "Storm Rider",
        "votes": 4045
      },
      {
        "song_number": 11,
        "song_name": "Magic Moments",
        "votes": 4045
      }
    ],
    "ES": [
      {
        "song_number": 21,
        "song_name": "Starlight Express",
        "votes": 4111
      },
      {
        "song_number": 1,
        "song_name": "Midnight Dreams",
        "votes": 4081
      },
      {
        "song_number": 11,
        "song_name": "Magic Moments",
        "votes": 4067
      },
      {
        "song_number": 20,
        "song_name": "Phoenix Rising",
        "votes": 4065
      },
      {
        "song_number": 8,
        "song_name": "Crystal Rain",
        "votes": 4064
      }
    ],
    "FR": [
      {
        "song_number": 15,
        "song_name": "Rainbow Bridge",
        "votes": 4133
      },
      {
        "song_number": 10,
        "song_name": "Wild Wind",
        "votes": 4117
      },
      {
        "song_number": 12,
        "song_name": "Silver Moon",
        "votes": 4113
      },
      {
        "song_number": 4,
        "song_name": "Ocean Waves",
        "votes": 4113
      },
      {
        "song_number": 9,
        "song_name": "Neon Lights",
        "votes": 4059
      }
    ],
    "IT": [
      {
        "song_number": 7,
        "song_name": "Silent Thunder",
        "votes": 4107
      },
      {
        "song_number": 9,
        "song_name": "Neon Lights",
        "votes": 4087
      },
      {
        "song_number": 13,
        "song_name": "Burning Flame",
        "votes": 4065
      },
      {
        "song_number": 21,
        "song_name": "Starlight Express",
        "votes": 4062
      },
      {
        "song_number": 19,
        "song_name": "Velvet Voice",
        "votes": 4057
      }
    ],
    "MA": [
      {
        "song_number": 15,
        "song_name": "Rainbow Bridge",
        "votes": 4122
      },
      {
        "song_number": 12,
        "song_name": "Silver Moon",
        "votes": 4111
      },
      {
        "song_number": 2,
        "song_name": "Electric Love",
        "votes": 4089
      },
      {
        "song_number": 21,
        "song_name": "Starlight Express",
        "votes": 4082
      },
      {
        "song_number": 18,
        "song_name": "Diamond Dust",
        "votes": 4042
      }
    ],
    "SE": [
      {
        "song_number": 22,
        "song_name": "Thunder Road",
        "votes": 4161
      },
      {
        "song_number": 8,
        "song_name": "Crystal Rain",
        "votes": 4081
      },
      {
        "song_number": 9,
        "song_name": "Neon Lights",
        "votes": 4065
      },
      {
        "song_number": 17,
        "song_name": "Angel Wings",
        "votes": 4062
      },
      {
        "song_number": 13,
        "song_name": "Burning Flame",
        "votes": 4059
      }
    ],
    "UK": [
      {
        "song_number": 13,
        "song_name": "Burning Flame",
        "votes": 4160
      },
      {
        "song_number": 23,
        "song_name": "Mystic River",
        "votes": 4089
      },
      {
        "song_number": 25,
        "song_name": "Eternal Love",
        "votes": 4074
      },
      {
        "song_number": 18,
        "song_name": "Diamond Dust",
        "votes": 4073
      },
      {
        "song_number": 21,
        "song_name": "Starlight Express",
        "votes": 4064
      }
    ]
  },
  "statistics": {
    "average_votes_per_song": 36000.0,
    "average_votes_per_country": 100000.0,
    "competition_intensity": "Very High"
  }
}